Celtic znemožnil v boji o Ligu mistrů Astanu, výhru má i Pekhart
Katar obnovuje plné diplomatické styky s Íránem, Saúdské Arábii navzdory
Před 100 lety se narodil česko-židovský badatel Flusser
Pioneer má první interní mechaniku pro přehrávání Ultra HD disků na PC
Studie z Černobylu tvrdí, že radiace zvířatům neškodí. Ale je to pravda?
Černý pátek je tu. Jak a kde si počíhat na slevy
Karolína Plíšková začne hájit trůn. O číslo 1 se porvou i muži
Od Facebooku nemůžete čekat žádné soukromí, odmítl žalobu americký soud
Oparům se lze bránit. Pomohou antivirotika i přípravky na imunitu
Vyhovuje nám, že nás předem odepisují, soudí zlínský kapitán Veselý
Zbavte se rutinních prací s e-maily. Správné programy vám pomohou
Motocyklista Abraham bude i nadále jezdit za tým Aspar
Bez bodu, poslední. Sokolovští fotbalisté se pod Horváthem hledají
Čeští mladíci zdolali domácí Gruzii a jsou v semifinále ME do 19 let
Muž najel u Paříže do lidí na zahrádce restaurace, zemřela 13letá dívka
TÝDEN OBRAZEM: konec ramadánu, hlava v tlamě krokodýla a koupání v Soči
Podvodný e-mail chce jménem exekutora peníze, ale nainstaluje vám vir
První televizor s Windows 10 míří do prodeje
Trump chce vzít peníze vědcům. Univerzity přijdou o vybavení na výzkum
Jak se „ruská propaganda“ dostala až do projevu prezidentského kandidáta
Muž se nepohodl s kolegou kvůli pracovní morálce, vzal ho kladivem po hlavě
Osvoboďte bradavky, hlásá Naomi Campbellová a jde příkladem
Zeman se setká s Chovancem, chce se ho zeptat na kauzu Čapí hnízdo
Software zdarma: Aktivujte virtuální plochy i mimo Windows 10
Ženy mají v kuchyni cit pro detail a systém, říká šéfkuchařka Bilíková
Pět triků, díky kterým při chůzi spálíte mnohem více kalorií
VIDEO: Musel jsem se krotit, říká Nečesaný o své knize, která kritizuje práci policie
Florbalisté Bulldogs Brno poznali svět, chtějí se podobat Finům
Za výhru nad Spartou špekáčky od řezníka. Fotbalová liga startuje
100 POHLEDŮ: Blahobytná rodinka na nádraží v Oybinu
Sedm překvapivých příznaků demence. Nespavost i změna chutí
Marmeláda i polévka. Pomerančové recepty, co vás napumpují vitaminem C
U pražského tunelu Mrázovka vzplálo auto, omezilo průjezd
Za vypadnutí dítěte z vlaku navrhla policie obžalovat dvě pracovnice drah
První český soupeř: jeden tahoun, talent z Realu a velká neznámá
Začaly velké ruské manévry u Pobaltí, švédská armáda cvičí na Baltu
Zlín s Jihlavou si přípravu protáhly až do patnácté série nájezdů
V Kyjevě zabili velitele vojenské rozvědky, do mercedesu mu dali bombu
Nejrychlejší kamioňák nemá řidičák. Na dálnici bych lidi vylekal, říká
Thomas prodává dres, Porte mluví o štěstí v neštěstí. A Tour se valí dál
Fakta o bolesti. Odpočinek není při potížích se zády ideální
Kulhavý si na MS dojel pro stříbro, znovu nestačil na Schurtera
Ruské manévry budí obavy, ale NATO není okresní přebor, říká Šedivý
Endurový tým si na Šestidenní polepšil na osmé místo
Cizopasníci mohou pomoci i při Crohnově nemoci, říká parazitolog
Kim In-kjong vyhrála golfové British Open, Spilková obsadila 69. místo
Retro šaty z výstavy: babičky v nich plesaly, dnes je koupíme v konfekci
Tour v éteru. Štybar: Zvednout hlas do vysílačky bylo nutné jen jednou
Lidé tu pracují tvrdě, říká finský trenér českých běžců na lyžích
Špekáček za první gól? Syn by ocenil spíš lososa, smál se trenér Hašek
Na pražské tramvaji jezdí zvláštní vánoční strom. Rozsvítit ho musíte vy
Hamburk vyhrál i druhý zápas a po osmi letech vede bundesligu
KHL: Čerepovec jediným gólem zvítězil nad Soči, asistenci měl Holík
České organizace se spojily, aby zabezpečily domácnost i internet věcí
Salma Hayeková: Někdy jsem spokojená a pak mám zase sebevědomí na nule
Plav vzhůru a nech se sežrat. Parazit řídí ryby z oka
Chceme prohánět špičku ligy, plánuje si zlínský navrátilec Železník
Palermo, jaké jsme neměli, zlobí se Zaorálek. Posílá policii na Babiše
Sedm tipů, jak ubránit děti před nachlazením a chřipkou
Berdych se omluvil z Davis Cupu. Tým se bude rvát o záchranu bez něj
Tři naděje NBA v Praze: Osman zazářil a uvadl, ostatním se nedařilo
Udělejte si v tabletu rozvrh hodin a nahrávejte dění na obrazovce
Jak Evropa bojuje o šampionát. Na baráž by z druhých míst nedosáhl Wales
Pomáháme tam, kde EU selhala, říká zachránce migrantů ve Středozemním moři
Němci spustili unikátní uhelnou elektrárnu. Kvůli slunci a větru
Slovenský ministr školství po aféře s dotacemi odstoupil z funkce
Lékař ji několikrát odbyl, že je to jen chřipka, přitom měla rakovinu
Přehrada jim vzala dům málem dvakrát, dnes žijí na břehu sami
Pes zůstal ve vedru v autě, vyčerpané zvíře zachraňoval další řidič
Při Rallye Železné hory ukáže na Chrudimsku své umění na sto posádek
Dobrý výsledek, těší Krmenčíka. Věří, že Plzeň doma stvrdí postup
Jak česká Expedice vesmír zachránila svět před planetkou
Češi se přestali bát AIDS, počet nakažených smrtícím virem stoupá
Porazila dvě rakoviny. Pak se rozhodla změnit svůj život a zhubla 25 kilo
Před 100 let se narodilo dítě ze „Slepé uličky“, Leo Gorcey
Britové našli pod kanálem La Manche 79 zbraní, zatkli Čecha a Poláka
S dělníky se v Bruntále utrhla plošina, zřítili se z výšky na beton
V pohárech jsem patriot, tvrdí Páník. Inspiruje ho dravá hra Neapole
Přípravy: Hradec Králové udolal na nájezdy Spartu, Brno porazilo Slovan
Němečtí volejbalisté odvraceli mečboly a jsou ve finále ME
Grandslamový hit na úvod: favoritka Halepová vyzve hříšnici Šarapovovou
KOMENTÁŘ: Češi i Kosované mohou mít vlastní stát. Tak proč ne Kurdové?
Za močení do moře pokuta 86 tisíc. Italští strážníci byli nesmlouvaví
Rýma potřebuje vyléčit: zkuste inhalace i rýmovník
Trpišovský před Boleslaví: Vypořádat se se ztrátami a navázat na Spartu
Strašně se těším na první ligu, vyhlásil olomoucký tahoun Plšek
Smrt rybáře spustila lavinu. Frustrovaní Maročané volají po reformách
Olomoucký stoper Radakovič: Slavii musíme ukázat, že není lepší než my
Nová vlna násilí vyhnala z Barmy 90 tisíc rohingských muslimů, tvrdí OSN
Nošením brýlí si zrak nezhoršujete, je to mýtus, řekla lékařka
Grilovaná krůtí prsa na špejli s okurkovým salátem
Odsouzený založil spolek proti recidivě. Dostal ho znovu před soud
Nepracoval, přesto si dopřával luxusu. Od žen vymámil jedenáct milionů
Kterak se z Velké čtyřky ve Wimbledonu stala Velká jednička
Havlát do Brna sezval hvězdy, na jeho loučení s kariérou má přijet i Jágr
Ze Slavie do Liverpoolu. Nadějného brankáře Jaroše povede Gerrard
Žena na ubytovně v Chodově pobodala přítele, zraněný utekl k sousedům
Nest patřící Googlu nechá umřít jeden z chytrých produktů
Ve stávkové pohotovosti jsou i hasiči a zdravotníci. Podpořili učitele
Vydrží to, nebo se zase zhroutí? Jak van Garderen bojuje s Grand Tour
Jen Nowitzki skončil, Němci se probudili a s nejmladším týmem útočí
Mýty o výživném: nemanželské dítě nemá nárok a vymáhání je drahé
TÝDEN OBRAZEM: Krotitel hyen, světelná show a koupel sibiřských tygrů
Strážníci zachránili holčičku stojící v okně, matka v bytě spala
Riskujeme, ozývá se z koalice KDU a STAN. Nesmysl, reaguje vedení
Konec selfie: osobní robotický paparazzi pro každého. Měl létat 20 minut
Žádný pudr, svěží pleť, papouščí oči. Jarní líčení podle vizážistů
Jídlo, díky kterému odoláte únavě. Dopřejte si ryby i ořechy
Snad moje historická vesta půjde zašít, doufal po bitce jihlavský Hubáček
Po narození dcery se bojím o všechny děti, říká zpěvačka Dasha
Jsem nebezpečná tím, že vím, jak vydělat peníze, tvrdí zlodějka Zuzana
Šampionkou mezi bikerkami je Neffová. Štěpánová dojela dvaadvacátá
Vědci ve vesmíru dosáhli zatím nejdokonalejšího stavu beztíže
Nezodpovědné rybaření je třikrát horší, než si vědci původně mysleli
Američané věří Česku a umožní nám používat složitější technologie
Nedokázala bych žít s mužem bez peněz, říká luxusní společnice
V Mexickém zálivu roste mrtvá zóna, stopy vedou k producentům masa
Večírková sezona pleti nesvědčí. Naučte se ji chránit před nejhorším
Vážnou nehodu zavinil podle policie senior. Za volant usedl bez řidičáku
Člověku nezbude než být statečný a racionální, říká o rakovině Lukešová
OBRAZEM: Alespoň trochu chytrou domácnost lze vytvořit v každém bytě
Seniorka spadla při česání třešní ze šesti metrů, je vážně zraněná
Velké představení malých národů: trojka od půlky i smeč od pasu
Zemřel Leo Beranek ve 102 letech. Pomohl založit internet a utišit letadla
Burkiny stresují lidi. Jejich zákaz je zásah do soukromí, zaznělo v Rozstřelu
Záchvaty vzteku dětí jsou občas žádoucí. Pročistí vzduch, říká odbornice
Novinky od Garminu, Fitbitu a další zajímavosti ze světa běhání
Němci trestají Turecko za zatčení aktivistů, míří na turistický ruch
Školačka uklouzla na desetimetrové skále, pád nepřežila
V paneláku na pražském Chodově hořel byt, hasiči evakuovali 40 lidí
Moskevský aerosalon ukázal novou ruskou stíhačku
VIDEO: Chcete ještě hezčí dekolt? Pohlídejte si kostice i ramínka
Na Vánoce si dám raději lososa, říká lékařka Cajthamlová
Hrát proti německým hvězdám? Neuvěřitelné, užil jsem si to, řekl Souček
GLOSA: Copak je ve snech místo na ústavní většiny a rozpočtové sekery?
Lidé objednávali cukr za osm korun po kamionech. Přišli o statisíce
Bývalý šéf Googlu povede poradní skupinu Pentagonu
KOMENTÁŘ: Co asi Dalík nechtěl říct
Anna K: Asi přitahuju temnotu. Je to skoro vtipný, jak mi pořád něco je
Ministr slíbil sestrám více peněz, nemocnicím je ale zatím neposlal
Neymarův debut za PSG: gól a asistence. Monako snadno vyhrálo
VIDEO: Muž zamčený v autě hrozil, že se zastřelí. Policie ho vytáhla ven
Z prohlížeče přímo na televizor? Microsoft Edge to nově napůl umí
Šest mýtů o módě a nakupování, na které můžete klidně zapomenout
Slavia posílá Mingazova na hostování do Mladé Boleslavi
Zavolej na mě policii, slyšel chytrý reproduktor. Násilníka zatkl SWAT tým
Z nadšení vznikly famózní reprosoustavy. Z Rožnova míří do celého světa
Poradna: Syn je vzteklý a agresivní, nepomáhají tresty ani vysvětlování
VIDEO: Usnul v herně na židli, zlodějka mu z kapes vzala mobil a peníze
Software zdarma: samoobslužný trezor pro aplikace
Rodinná poradna: Syn se bojí, že se s manželem rozvedeme
Dětský svět se Jindrovi zhroutil, učí se vyznat sám v sobě a ve světě
Naše děti zdědily tátův humor i pohotovost, říká herečka Iveta Dušková
Tipy na software: Odkryjte zapomenutá uložená hesla
Použijte tablet pro šifrování e-mailů nebo pro připomínání povinností
Počítač do zásuvky zvládne Windows 10
Zákaz vstupu do lesů na Šumavě posvětili úředníci, může jít o život
Děti z chudých rodin budou obědvat zdarma, úřady uvolní 56 milionů z dotací
Věnovat ledvinu bolí míň než porod, říká první dobrovolná dárkyně v Česku
V houbičkách na nádobí jsou bakterie, které ohrožují zdraví, tvrdí studie
Tuk tělo potřebuje. Před ohrožením zdraví vás může varovat obvod pasu
Venezuelské rebely podpořili hackeři, napadli vládní stránky
VIDEO: V Melbourne se narodilo šestikilové dítě, jeho matka je nadšená
Občas se na sebe usmějeme, popsala Šlechtová vládu po výměně lídra ČSSD
Šaty z papíru? Žádná novinka. Nosily se ve středověkém Japonsku i v ČSSR
V ostravském bytě vařil pervitin. Prozradilo ho ale špatně pečené kuře
Wi-fi s novým standardem poběží jako hodinky
V Česku se poprvé podařilo vyfotografovat v přírodě šakala. U Labe
Muž při hádce dostal pár facek, tak svého soka bodl do zad
Důchodkyně propadla kulturistice a posiluje třikrát denně
Signál digitální televize DVB-T2 se dostává do jižních Čech a na Vysočinu
Hokejisté Zlína prohráli s domácím Přerovem, přesto ovládli Zubr Cup
Lesbický pár počal dítě díky aplikaci spermií kamaráda skrz stříkačku
Teodosič míří do NBA, nová smlouva s Dallasem přinese Nowitzkému rekord
Útočníci v Rimini hodili znásilněnou Polku do moře a chtěli ji utopit
VIDEO: Tekuté nitě omladí i na čtyři roky, vpichují se po kapkách
Náhradním matkám se v Česku narodí až stovka dětí. Zákony na ně nemyslí
Tipy pro Windows 10: Využijte inteligentní pero i tmavé schéma
Podivný práškovací dvouplošník z Polska. Mohl nést chemické zbraně?
VIDEO: Naučte se vystínovat rty. Vypadají plnější
Moderní pětibojař Svoboda po trenérské změně ožil a těší se na ME
Mossad mi ukradl botu, zlobí se britský muslim a vyvolal bouři na síti
VIDEO: Návod, jak dokonale vyprat podprsenku. Bez prášku i teplé vody
Tablet vám ohlídá užívání léků nebo uspoří mobilní data
Kulturista vynechal z jídelníčku mléčné výrobky a zbavil se akné
Špotáková ovládla Diamantovou ligu v Londýně, vytvořila rekord mítinku
Nečas, který nemá volný čas. Únava se ozvala, tuší hokejový talent
D11 stáhla kamiony ze „silnice smrti“, na kraji Hradce je klid před bouří
Microsoft nutil uživatele instalovat Windows 10, prý omylem
Sady natahují sítě proti kroupám, ovoce z neúrody chtějí prodávat samy
Dvě americké letadlové lodě s kolesy brázdily místo oceánů jezero
I u nás je konečně „telemedicína“. Ale jen pro některé těhotné
Teplice - Bohemians 0:0, v nudném souboji chyběly šance i góly
Kardashianová je špionka, která má kazit mládež, tvrdí Írán
Brněnské fotbalisty povedou i v příštím kole Dostálek s Přerostem
V Německu je 10 tisíc salafistů, hrozí další útoky, míní tajná služba
Nové počítače chce stále méně lidí, nově mají vrásky i výrobci tabletů
Z nových fotbalistů Hradce bude ve Znojmě připraven jen jeden
Vražedný plán byl vrchol, s chovanci ústavu v Hostouni jsou problémy dlouho
Hubenější Csáková: Místo dřiny v posilovně vyrážím se syny na kola
Halepová a její hoře. Potřetí za léto nevyužila šanci na tenisový trůn
Anonym a stažení kandidatury do MOV. Kejval chce vyřešit dotační aféru
VIDEO: Stovky kamionů devastují silnici u Třebové, místním ničí domy
Moje epilepsie je něco jako LSD, říká herec Jan Hájek
Řidič na Svitavsku přejel do protisměru, srážku s autobusem nepřežil
Neuznaný gól Baroše i další sporná ruka. Sudí pak zvýhodní bránící tým
Na ISS se možná vrátí turisté
Česká armáda bude modernizovat artilerii. Peněz je málo, půjde to ztuha
USA už nevěří firmě Kaspersky. Spolupracuje prý s ruskou FSB, tvrdí únik
Česko chce koupit nové rakety. Bude je používat proti letadlům
Slávisty štvalo zdržování. Rozhodčí se s námi moc nebavil, řekl Hušbauer
Moskva nabídne wi-fi zdarma na hřbitovech
Google si měl název svého holdingu vygooglovat. Stejný má i BMW
Nový ruský kosmodrom zažije první odložený start nejdříve zítra
Budějovický kouč si libuje: Zkušení borci posouvají sedmnáctileté dál
Dva roky týral partnerku, teď mu hrozí osm let vězení
V USA plánují razie na nezletilé imigranty, kteří jsou členy gangu
Mobilizace. Už zase. Mizerný start sezony (ne)nechává Zbrojovku v klidu
Vdova po Dlouhém: Chtěla jsem mu pomoct, ale on si zvolil jinou cestu
Rentiér byl pro vyměněnou ženu páprda, ona pro něj sprostej babochlap
Bez teček to neumíte? Tajný americký kód tisknou nevědomky i v Praze
Sedím doma a čekám, až mi někdo zavolá, říká Jindřiška z Pelíšků
Kvalitní domácí přehrávač za pár korun. Stačí trocha „kutilství“
Ceny SSD mají spadnout až o řád, slibuje Samsung. Během pár let
V Turecku přibývá útoků na sochy Atatürka. Nařídil mi to Bůh, řekl vandal
Psy, kteří zakousli kočku, použil opilec jako štít proti strážníkům
Žena má na těle 6 000 nádorů. Celý život bojuje s bolestí i šikanou
Pomůžu vám, nabídl chodci recidivista. Při zvedání mu ukradl peněženku
Závislost na cvičení ji připravila o partnery, ale skončit s ním nechce
Twitter varuje: Útočí na vás stát
Plochodrážník Milík je po vítězství ve Švédsku druhý v seriálu ME
KOMENTÁŘ: V Londýně vyhráli diváci. A atletika má dva roky na změny
Proč je film Příchozí výborná sci-fi podívaná, ale jsou v ní hlouposti
Rekordman Kopecký se těší na Barum rally a myslí na další triumf
Nechtěná hvězda dál čelí nejistotě. Připadám si slepý, říká mistr světa
Hlava Islámského státu Bagdádí žije, tvrdí i americký ministr obrany
Tomáš Halík převzal čestný doktorát z Oxfordu jako čtvrtý Čech
VIDEO: Mladík při běhu ohnul závoru, pak žadonil o „malou pokutičku“
Tipy na zajímavé weby: Které víno dnes ochutnat a tipy na výlety
Kreslete na mě srdce, žádala dívka v prádle. Upozornila tak na anorexii
Pořád jsem se někam hnala, říká mezzosopranistka Dagmar Pecková
Rekordmance Sjöströmové na MS uniklo zlato na stovce kraul
V Texasu hořela chemička, Trump kvůli hurikánu žádá Kongres o miliardy
Hlásím útok na střelce roku, culil se teplický Rezek po dvou gólech
Jsem sebevědomá jen díky matce Beyoncé, říká Kelly Rowlandová
Drahé napodobeniny, igelitové tašky a lego na přehlídkových molech
Podvod s přistáním na Měsíci a terorista Lenin. TOP 20 článků Karla Pacnera
Vyčistěte si paměť tabletu nebo schovejte bezpečně data
Příběh Lenky: Mám fajn přítele, ale miluji jiného
Zoner PhotoStudio přechází na roční předplatné a nabídne práci s vrstvami
VIDEA TÝDNE: Bionická ruka, či ruský obrněnec, který smetl škodovku
U porážky s Koreou bych byl nerad, říká plzeňský hokejista Procházka
Whisky zrající ve vesmíru chutná jinak než ta pozemská
Vyrobte si domácí peeling. Projasníte pleť a opálení vám vydrží déle
Krkonošská Mapa republiky roztála, vydržela o tři týdny déle než loni
Ke vztahu na celý život potřebujete oporu, řeč, respekt, lásku a sex
Turistů je mnohde už příliš. Česká města začínají řešit, co s tím dělat
Zemřela návrhářka Rykielová, milovnice proužků a odpůrkyně podprsenek
V devíti se mi udělala boule na krku. Rakovina se mi několikrát vrátila
Plzeň - Ostrava 3:0, nováčka zlomili střídající, závěr už byl exhibice
Bez obřadních síní a věnců. Česká města budují nové přírodní hřbitovy
Kvarteto pardubických hokejistů na dálku závodilo se zbytkem ligy
Američtí fotbalisté se dál strachují o účast na mistrovství světa
Američtí obři dosedli v Ostravě. Budou lákadlem Dnů NATO
Marné varování a nehorázná lež. Kosmonauti z Challengeru mohli žít
OBRAZEM: Kožešiny a divoké potisky vládnou londýnským přehlídkám
Telefon už v budce není, lidé v ní najdou městský dotykový panel
Zachraňte českého vojína Ryana. Neznámé příběhy krajanů v americké armádě
Policie vyslechla Maročana, kterého podezírá z útoku ve finském Turku
PŘÍMÝ PŘENOS: Mošnovské letiště ožívá. Hřmot stíhaček věstí blížící se Dny NATO
Podvodné SMS útočí na Česko. Tváří se, že jsou z České pošty
Blogerka se líčí mincí. Používá ji jako linku na oční víčka
Pilulka ochránila před HIV 100 % účastníků studie. Lék to však není
Zákazník dal do opravny motorku, automechanik ji prodal pod cenou
Sedm zásad spokojeného manželství: pěstujte obdiv, buďte vstřícní
Malé tajemství nového iPadu je venku. Má pomalejší čip a méně paměti
Nižněkamsk potvrdil angažování Nestrašila, podepsal roční smlouvu
Půl roku beze stopy. Policie nejspíš případ ztracené Michaely odloží
Nejlepší programy pro kreslení, a úpravu fotografií na počítači
Čtenářský recept: Grilované žampióny
Dunhamová řekla, že by si přála potrat. Pak se omluvila
Federer ukázal při návratu k tenisu dokonalost. A co Djokovič?
Obhájí Hermannová se Slukovou stříbro? Kontinentální šampionát začíná
Multimasking. Jedna pleťová maska nestačí, kombinují se přesně na míru
Týden bude slunečný s příjemnými teplotami, silný déšť hrozí až v pátek
Smutné, nebo unavené? Módní řetězec překvapil netradičními figurínami
Cyklisté zkusí uspět na MS v sestavě se Štybarem, Kreuzigerem či Vakočem
VIDEO: Hora cukru ještě před obědem. Spot ukazuje, kolik ho dáváme dětem
Příběh Míly: Chci, aby mi muž byl oporou, jenže je to naopak
Sabotáž, zuří atlet, co nesměl na start. A atletika čelí konspiracím
Příběh Markéty: Po alkoholu se mi manžel mění před očima
Lidé budou moci mít tři měsíce placené volno na ošetřování příbuzného
Pilný zlepšil odhad růstu HDP, příjmy rozpočtu se mají zvýšit o 21 miliard
Matka zatáhla do podvodu s realitami nic netušící dceru. Dostala 6 let
Toto není vtip! Vyhrál jste Nobelovku. Zavolejte později, teď nemám čas!
Sandály i boty na jehlách v jednom. Hybridní střevíčky se staly hitem
S tabletem můžete hledat lék na rakovinu. Přehled zajímavých aplikací
Rumunka Halepová rozšířila svůj trenérský tým o krajana Pavla
Výbuch v lisovně zranil tři dělníky v pardubické továrně Explosia
Trump ukončil pomoc syrským povstalcům, podle médií kvůli Moskvě
Osmnáct vteřin. A olomoucký žolík Moula použil hlavu
Příběh Jany: Manžel mě týral, dcera na něj dnes nedá dopustit
Nováček Sastre a další španělští kamarádi nejlepšího z Čechů
V Bílém domě někteří brojí proti Trumpovi, řekl odvolaný šéf komunikace
Něco je na té lodi divného. Před padesáti lety shořelo Apollo 1
Vědci kopírují co nejvíce dat o globálním oteplování, bojí se Trumpa
Horolezec spadl ze skály slavné z filmu Jak dostat tatínka do polepšovny
Cyklistu bez přilby katapultoval zpomalovací pás, smrtelně se zranil
Digitální asistentka dostala kameru. Řekne, jak dobře jste oblečeni
Biegl povýšil na asistenta A-týmu žďárských hokejistů
KLDR už zřejmě má jadernou hlavici. Pocítíte ohnivou zlobu, pohrozil Trump
Díky udržitelné módě ušetříte, říká její propagátorka Kamila Boudová
Asistent Google Home ovládne televizi, Photos zase pomůže vybrat fotky
Letoun na solární pohon při letu přes Pacifik překonal bod návratu
Snad ještě chvíli vydržím, říká na prahu sedmdesátky Helena Vondráčková
Příběh manželů odsouzených k smrti a novináře z Československa
V Kašmíru spadl strom na kabinovou lanovku, zemřelo sedm lidí
Paměťové karty Compact Flash se chystají na rychlost 8 GB za sekundu
Noční přelet. Druhé vládní TU-154 míří do Zruče u Plzně
Sonda New Horizons „zavolala“ od Pluta domů. Máme pro vás přepis „hovoru“
Cyklista narazil do náklaďáku, který jej předjížděl. Na místě zemřel
Florbalisté Chodova zahájili superligu vítěznými nájezdy v Brně
Počítače mohou zachránit hry a virtuální realita
Velkolepé finále Vuelty. Contador vyhrál na Angliru a Froome jistil titul
Řidič na Vsetínsku v noci srazil chodce, ten na místě zemřel
Za dvě minuty 0:2 a budějovický kouč si bral time-out
Německé Cáchy děsí jaderná elektrárna, úřady rozdávají tablety jódu
Nenápadný půvab macaté jarní krasavice kedlubny
Velký pokrok při práci s videem a zmatení názvů. Novinky Intelu
David mi krade kosmetiku, prozradila Victoria Beckhamová
Komise sudích: Olomoucká branka proti Slavii neměla kvůli ruce platit
Pošlete svou báseň nebo kresbu do vesmíru. Vrátí se vám v roce 2023
Střet Vettela s Hamiltonem je prý uzavřenou kapitolou. Vážně?
Šéfovi Facebooku se hackeři nabourali do účtů na sociálních sítích
Oční vady se mění podle věku. Kdy hrozí krátkozrakost a kdy suché oko
Podívejte se na dosud nejpřesnější 3D mapu naší Galaxie - Mléčné dráhy
Policisté převáželi zadrženého do cely, cestou nabourali do jiného vozu
Opravte si Windows, Edge i Flash. Microsoft vydal desítky záplat
Zádům ulevíte kombinací práce v sedě a ve stoje, poradil ortoped
Superpohár na dosah. Real dal Barceloně tři góly, Ronaldo dostal červenou
Třinec při vstupu do hokejové Ligy mistrů deklasoval Esbjerg
Nezničitelný a neporazitelný: Vermote a Kittel. Dvě jistoty na Tour
VIDEO: Zvládněte líčení s minerálními produkty. Jsou zářivé a plné barev
Jak se vyrovnat s nevěrou? Univerzální recept neexistuje
Microsoft se omlouvá, že vydal interní verzi Windows 10. Ukázala pár změn
Jde to i bez masa. Z čeho vyrobit tatarák, abyste si pochutnali
Horoskop 2016: Beranům hrozí kila, Střelce čeká láska, Lvy peníze
Výměna rolí: slavní hokejisté zpovídají komentátora Zárubu
Psychiatr, kouč, terapeut? Na koho se obrátit, když už nemůžete dál
Kelly Clarksonová setřela fanouška, který se do ní pustil kvůli tloušťce
Když Barcelona ztratí zájem: Odejdi, třeba do Číny. Nebo hraješ za béčko
VIDEO: Policie zatkla velkopěstitele konopí, marihuanu vyváželi do Polska
Sparťanský tah do „neznáma“. Pražané věří, že mladý Fin bude ten pravý
Prohlížeč Opera bude mít zdarma neomezenou VPN pro větší bezpečí
Kojit s tetováním či piercingem? Matky by měly dodržet pár pravidel
Vyrazte za sportem v barvách. In jsou křiklavé legíny i podprsenky
Nejužitečnější je čínská medicína v prevenci, řekla on-line lékařka
Vyčerpaný Cink: Poprvé jsem zažil, jak jedu do diváků, a oni uskakují
Provoz na D1 komplikovaly kolony, odpoledne narostly na 26 kilometrů
Feminismus v módě: od kalhot a zkracování sukní po politické slogany
Akceptujete své tělo a užívejte si, vzkazuje ženám Melissa McCarthy
Halepová bude světovou jedničkou. Nebo pošle na vrchol Plíškovou
Vlaky v Praze nestačí náporu cestujících, nové tratě mohou vést pod zemí
Čtenářský recept: Domácí burgery
Francouz Perret: Hrát za hokejové Pardubice pro mě bude výzva
Pekhart si s izraelskou Beer Ševou skupinu Ligy mistrů nezahraje
Žena si v obchodě strčila mraženou husu pod sukni, zastavila ji ostraha
Francouzi protestují proti reformě. Popudila je Macronova slova o lenoších
Firefox experimentuje s více vlákny, prý se zrychlí o 400 - 700 %
Oba české páry si zahrají finále Světového okruhu beachvolejbalistek
Srbští volejbalisté otočili na mistrovství Evropy duel s Estonskem
Nepálky musí během menstruace do odlehlé chatrče, samy čelí zimě i hadům
Vadlejch s Frydrychem: Je hezké mít z oštěpu celou sadu medailí
Zeman podepsal vyšší důchody a slevu na dani pro první dítě
Kouření marihuany může být spouštěčem schizofrenie, varuje psychiatr
Streepová: Recept na fungující manželství neexistuje. Já měla štěstí
Američané nebudou moci cestovat do KLDR, zákaz odsouhlasil Tillerson
Ruští volejbalisté jsou mistry Evropy, po boji zdolali Německo
Nejlepší fotky Cassini: pestré prstence i nečekané detaily ze Saturnu
Zalovili v cizině. Brněnští volejbalisté vsadí na Argentince a Srba
Plzeňští záchranáři vyjeli k úrazu nohy, k muži dojela až třetí sanita
Bělení zubů nepřináší vždy stejný výsledek, může za to i genetika
NASA bude muset „šetřit“ skafandry, aby ji vydržely do konce ISS
Před 100 lety bílí Američané zlynčovali v St. Louis 200 černochů
Gmail zvyšuje kapacitu pouze u příchozích příloh. Mohou mít až 50 MB
S léky kšeftoval teď už mrtvý kolega, hájil se doktor. Dostal jedenáct let
Otáčení Země se zpomaluje, ukázali vědci. Analyzovali milion dnů
Kadlec míří do Nizozemska. Ve Spartě nepočítají ani s Váchou a Jankem
Inkluze je dražší, než se předpokládalo. Přihlásilo se víc rodičů i škol
Motocyklový král i šašek Valentino Rossi se rve o titul. Marně?
Senioři i děti doplatí méně za léky, poslanci ulevili i zdravotně postiženým
VIDEA ROKU: Odhalené penisy, historie plavek i návod, jak nosit legíny
Zaorálek je roztržitý intelektuál, ČSSD nezvedne, řekl v Rozstřelu Jandák
Hustá data: Nizozemci našli způsob, jak uložit bit na atomové úrovni
Čeští středoškoláci převálcovali svět v odborných zkouškách
Orwell by se divil. Microsoft představuje služby s umělou inteligencí
Více e-mailových účtů obsloužíte z jednoho místa i bez internetu
PayPal začíná blokovat platby za služby obcházející lokální omezení
Myslím, že si občas nějaký dárek zasloužím, řekl Berdych
Po měsících čekání přišla jihlavské zoo první splátka za ubité plameňáky
Tipy pro Windows 10: Multifunkční nabídka Start, tabletový režim a Edge
Koalice padá. Lidovci nabídli Starostům místa na svých kandidátkách
Zvládne vaše internetová přípojka 4K video? Změřte si to u Netflixu
Na Jarmarku OnaDnes.cz pomůžeme nemocné dívce. Přijďte nakupovat
Necid: Rozhodl telefon od pana Tvrdíka. A chci zpátky do reprezentace
Módní menu: tři outfity, ve kterých přežijete zimu ve městě
Udržujte hardware v nejlepší kondici se správnými programy
VIDEA ROKU: Technickým zajímavostem kraluje lodní mamut a kaspická příšera
Mladíci utekli z výchovného ústavu do Prahy, kde přepadali seniorky
Když 6 je víc než 7. Proč se rodákovi z Libave klaní celý New York
Bezdětná komička přiznala, že byla v šestnácti letech dvakrát na potratu
Na fotografii určené k vyhození objevil kometu. Zemřel Klim Čurjumov
Badatelé prozkoumali bečovskou kapli. Našli ozdoby z relikviáře i kosti
Virtuální sex změní i ten reálný, předpovídají odborníci
KOMENTÁŘ: Sigma Chorého potřebuje, ale měl by využít lesku z Eura
MÓDA ZE SLAVÍKŮ: Laciná Borhyová, zlá Kuchařová Gregor a trendy Farna
Máte chuť na sladké? Chybí vám bílkoviny, tvrdí výživová poradkyně
Jsme teprve v polovině, říká před odvetou s Iry boleslavský kouč Uhrin
Auto skončilo na střeše na kraji lesa, mladá řidička nehodu nepřežila
Jak se chová správný chlap? Mladí z dětských domovů se učí od patronů
Královna Plíšková: Děkuji všem, co mi věřili. I těm, co pochybovali
Máma pila a táta umřel, píše šestnáctiletá Petra z dětského domova
Zeman jednal se zástupci vlády a průmyslu o budoucnosti vědy i automobilek
Microsoft uveřejnil opravy pro Windows 10
Tohle chtěl vidět každý kluk. Sledujte přímý přenos z okna kombajnu
Škubánky s mákem a jiné levné dobroty, které nám vařila babička
Hasiči krotili požár seníku. Hořící balíky musel vyvážet nakladač
Za bodnutí druha do srdce dostala 7 let. Přežil a píše jí milostné dopisy
Kataru vyprší ultimátum, požadavky zemí Perského zálivu nejspíš nesplní
Šestidenní válka den po dni: zdrcující porážka arabských sil Izraelem
V Česku je fotbal výš, porovnává běloruský slávista Trubila
Konec s otazníky: víme, jak udržíte smíšenou pleť v dobré kondici
Žokej Faltejsek: Na trávě to byl správný adrenalin
Policisté na Opavsku stíhají lupiče. Přepadl poštu, utekl však s prázdnou
Endál se znovu dohodl s Brodem. Raději zůstanu doma s rodinou, říká
Důležité je přiznat si, že máte problém, míní o depresích Šípková
Polovinu armádních obrněnců opraví firma, v níž letos vybuchla munice
SpaceX vyneslo do vesmíru satelity, vodní přistání skončilo zkratkou RUD
Větší malba v Česku není. Halu ozdobí květinová fasáda belgického umělce
Soud se zastal muže, který žádal příplatek k důchodu kvůli internaci
Irácká armáda tvrdí, že dobyla jednu z posledních bašt IS v zemi
Šedá, vesmírný vzhled i extrémní blond: to jsou letošní trendy v barvení
Lupič vytáhl v brněnské zastavárně pistoli, obsluha se včas schovala
VIDEO: Olej, kameny, peříčka. Tak vypadá masáž inspirovaná pěti elementy
Tetování mužům přidává na atraktivitě. U žen je to naopak, tvrdí výzkum
Americký fotbal v Česku roste. Chybám rozhodčích má zabránit video
Atletika se už brzy změní, říká renomovaný manažer Juck
Tablet stvořený k práci má matný displej, dokovací stanici i LTE modem
Olomouc - Liberec 2:1, po pár vteřinách na hřišti rozhodl střídající Moulis
VIDEO: Sexy červené rty podle vizážistky. Vyberte si styl, co vám sedne
Venezuelští vojáci začínají reptat, rebelové končí za mřížemi
Za rok „z nuly na sto“. Podivuhodných dvanáct měsíců slečny KP
US OPEN: Berdych i Kvitová postupují, překvapením dne je vypadnutí Zvereva
Boleslav - Skënderbeu 2:1, v hektickém závěru zařídil výhru Jánoš
Motorkáře v lesích na severu budou policisté stíhat na čtyřkolkách
V Česku se chystá konkurence Netflixu. Začne skromně, ale s velkými plány
Příběh Jardy: Manželka tloustne a je jí to jedno
Bezosova soukromá raketová společnost Blue Origin má prvního zákazníka
Stop hádkám a popíjení! Srby vyléčil kouč, mistrovství světa je blízko
Americký guvernér zavřel pláž pro veřejnost, pak se na ní sám slunil
Česko do konce století přijde o 1,7 milionu obyvatel, věští prognóza
Uživatelé, které Crysis připravil o data, mají naději získat je zpět
100 POHLEDŮ: Uhlazený muž se kochá zelení a zámkem v Průhonicích
Nezdolné mitchelly děsily Japonce. Piloti je milují, byť z nich hluchnou
Zakázali mu Rio, omlouval se Dumoulinovi. Teď Zakarin řádí na Vueltě
Ty vůbec nejsi žena, šokoval Libor svou vyměněnou manželku
Norsku dál povládne „Železná Erna“, levice ve volbách utrpěla debakl
Rakouský hokejový útočník Vanek bude hrát v NHL za Vancouver
Odchovanec Hovorka se dočkal debutu za Spartu. O zdraví už nechce mluvit
O svých chlapech nemluvím kvůli dětem, prozradila Kate Hudsonová
V Indii zemřelo šedesát dětí, nemocnice dlužila za kyslíkové přístroje
Příčinou gynekologických obtíží mohou být potlačené emoce i chybějící otec
Sociální sít Snapchat přidává možnosti, aby spojila způsoby komunikace
NASA vyzkoušela „fyzikálně nemožný“ pohon a má co vysvětlovat
Před losem Evropské ligy chceme vyhrát, říká zlínský záložník Holzer
OBRAZEM: Nizozemská královna Máxima ráda obléká věci po své tchyni
Chemoterapii odmítla. Žiju, píšu a o nemoci nepřemýšlím, říká Besserová
Než jsem se vdala, neuvařila jsem ani polívku, říká vypečená blogerka
Facebook končí se špehováním lidí, kteří nejsou přihlášeni v jeho síti
Rodinná poradna: Moje předškolní dcera najednou odmlouvá a dělá scény
Vláda koupí a nechá zbourat vepřín v místě, kde za války trpěli Romové
Náklaďák a dodávka zablokovaly po vzájemném střetu železniční přejezd
Už zase: Nizozemsko vs. Česko. Budoucnost tenistů rozsoudí v Haagu
Dříve měla 130 kilo, dnes vyhrává soutěže krásy a chlubí se striemi
OBRAZEM: Modrá, černá i zlatá. Extrémní rtěnky jsou hitem budoucnosti
Tipy na zajímavé weby: Mapa veřejných WC a porovnávač životních nákladů
Mariánský sloup se na Staroměstské náměstí nevrátí, zastupitelé byli proti
Bezdomovec viněný z pokusu vraždy zaskočil soud. Jeho řeči nikdo nerozumí
Být tak v životě někdo... A z feťáka se stal dálkařský mistr světa
Televizní moderátor zmátl Amazon, divákům objednal domečky pro panenky
Auto vrátil, tajnou projížďku mladíka bez řidičáku ale prozradila nehoda
Nemůžete mít sex každý den, říká Salma Hayeková o manželství
Facebook začne vysílat živě. Nápad si vypůjčil od konkurence
Na obchvatu Čáslavi se čelně střetla dvě auta, obě spolujezdkyně zemřely
ANKETA: Který James Bond je vám nejsympatičtější?
Čeho litují otcové, když jim odrostou děti? Nedostatku pozornosti a času
Pravidla randění pro rozvedené: zaměřte se na sebe a postupujte pomalu
Nechali jsme si změřit auru speciálním přístrojem. Technik se smál
Nejchytřejší děti Česka. Jaké jsou a co si přejí?
Jižní Moravu zasáhla silná bouřka. Lámala stromy na Znojemsku
Ty nejlepší notebooky do deseti tisíc. Na co si dát pozor a co chtít
Jeden a půl vlastního gólu, pech ústeckého fotbalisty Zemana
Perfektní příležitost, říká střelec Lukaku o přestupu do Manchesteru
Silvestrovské triky: nejlepší internetové a softwarové Easter eggs
Bitcoin překonal hranici 1 000 dolarů
Ve Frankfurtu zuřily bouře a silný vítr. Nelétala letadla, vlaky stály
Záchranáři u Libye našli plavidlo s migranty, třináct jich bylo mrtvých
Poslanci vyšetřovali úniky. Policie nyní zkoumá, zda jim něco neuniklo
Menstruaci bych opravdu nechtěla, říká Tom alias Conchita Wurst
Čtenářský recept: Koláčky plněné lesním ovocem
Na mamografu se nic neukázalo, říkají známé Češky s rakovinou prsu
Jsem zvyklá manžela poslouchat, tvrdí Veronika Žilková
OBRAZEM: Podívejte se na superměsíc a jeho zatmění
Dítě, nebo kariéra? Azarenková musela zvolit a přijde o US Open
Modrá barva mi půjde k očím. Jak si Hirt vyjel angažmá ve World Tour
Neonacisté znectili logo hokejového Detroitu. Klub zvažuje právní kroky
Radary odhalily skrytou migraci nad našimi hlavami
Hurikán kdysi zboural Duncanovi život. Hvězda prosí o milion pro rodiště
Poslední den na instalaci Windows 10 zdarma: proč (ne)instalovat?
Trápíme se v defenzivě, přiznal po kempu karvinský kouč Weber
Sedm častých mýtů o stolici: barva by měla být hnědá a klystýr prospívá
Násilník oloupil a svázal mladou ženu, pak se sám udal policii
Oslavte masopust s plnou pusou, upečte si koláče jako od babičky
Software zdarma: Vyměňte nevyhovujícího správce stahování
Osm a víc nul, přeje si před novou sezonou jihlavský brankář Hanuš
Jak správně „dělat“ sociální sítě, ukážou v Praze světoví odborníci
FCSB trestal plzeňské chyby. Tady už nejsou slabí soupeři, uznal Hejda
Stres, kamery a nepříjemné emoce. Patří děti do reality show?
Když se fotbalová liga mění v házenou. Kdy je hra rukou dovolená?
Čtenářský recept: Cheesecake
Fanoušci moji dceru podporují v anorexii, říká otec ruské modelky
Snad už jsou všechny zdravotní problémy pryč, doufá plzeňský Kozáčik
Postavte si vlastní Slow TV ptačí budku. Stačí vám šukalka a vrtačka
Betonový mamut. Tenisová továrna na miliony stojí na bývalém smetišti
Počítač jako dětská skládačka. Acer Revo Build umí i bezdrátově dobíjet
Byla jsem i při odebrání spermií, říká tlumočnice znakového jazyka
Poprvé v Evropě: PaperLab promění starý papír v nový a čistý za 3 minuty
Kluk za 6 miliard. Kdo je vlastně Neymar, nejdražší hráč historie?
U porodu jsem málem zemřela, říká modelka Christy Turlingtonová
Migranti volí i cestu po Černém moři, Rumuni zachytili loď s 87 lidmi
Vrásky jako domácí lékař. Ta na uchu prozradí problémy se srdcem
Móda celebrit: Svítící Kurková, kovová Crawfordová i Beyoncé v latexu
OBRAZEM: Lidé již 15 let bydlí nepřetržitě ve vesmíru
Aktualizuje si Windows. Opravuje chybu „profláknutou“ Hacking teamem
V širší nominaci basketbalistů chybí šest hráčů z posledního ME
Můžeme už vytvořit Jurský park? Co nám chybí a co máme
Obměněná boleslavská útočná trojka: Nastupuje KleMuLe
Jsou tady další záplaty pro všechna Windows. Opravují i chybu v IE
Podvodník si objednával květiny s bankovkami, šetřil na dluh v pokeru
VIDEO: Zvýrazněte oči stylově. Zkombinujte černou a bílou linku
Budoucnost čisté energie? U Skotska roste první plovoucí větrná elektrárna
Microsoft má vlastní počítač v obrazovce. Překvapil kolečkem navíc
Belgická seniorka se řítila s porsche 238 km za hodinu. Zaplatí 30 tisíc
Integrace muslimů u nás není problém. S Čechy pracují i pijí, ukázal výzkum
Útočník Rooney po 13 letech opouští United, vrací se do Evertonu
Netflix zavádí digitální hranice. Odpojí uživatele připojené z ciziny
Postiženým dvojčatům a Filipovi jste poslali přes půl milionu korun
Velkým dinosaurům konkuroval i menší chytrý opeřený zabiják
Neudělala Florida s Jágrem chybu? Zámořští fanoušci mají jasno
Tisíce turistů uvázly na Madeiře, silný vichr ochromil letiště ve Funchalu
Jak se odhalovala kůže. Nahá prsa dřív byla stylová, kotníky zakázané
Skupina poslanců napadla povinnou maturitu z matematiky u Ústavního soudu
Čtenářský recept: Žirafí roláda
Messi do sudího strčit může a Ronaldo ne? ptají se ve Španělsku
Facebook zkoumá, jak dostat sociální sítě do virtuální reality
Mladík mířil na muže v autě plastovou pistolí. Báli se, že je skutečná
Příběh Jany: Dcera nezvládá pobyt mimo domov, po návratu je ve stresu
Jak bojují syrští povstalci s tanky a proč musí dávat videa na internet
Zásahovka vytáhla dealera z auta, drogy prodával po propuštění z vězení
Facebook v Belgii nesmí sbírat data o lidech, kteří na něm nemají účet
Byl jsem závislý na plastikách, přiznal seriálový herec Reid Ewing
Nová rekordní klíčenka má 2 terabajty, uskladní přes 750 tisíc fotek
Apple spustí celosvětové rádio a hudební službu se skvělým obsahem
Boeing, který před lety unesli palestinští teroristé, se vrací do Německa
Americké letectvo připravuje nasazení mikrovlnných zbraní
VIDEO: Namalujte si dokonalé linky. Potřebujete jen lepicí pásku
Prostitutka čelí obžalobě, že po hádce v opilosti bodla expartnera
Hradec Králové zvládl premiéru v Lize mistrů skvěle, zdolal Turku 5:1
Zpackali jsme si to sami lehkovážnými chybami, kývl trenér Baníku
Hejnová bere finále Diamantové ligy jako reparát mistrovství světa
Druhá fotbalová liga začíná, na postup si věří Opava
OBRAZEM: Nalíčená, nebo přirozená? Celebrity se ukázaly bez šminek
Líbilo by se nám mít na Kubě baráček se zahradou, říká Ondřej Ruml
Nechápu, proč lidem vadí označení plus size, říká obézní modelka
Software zdarma: Jak na lepší fotografie nejen pro Facebook
Alena Vitásková
Internet po 25 letech. Jak to začalo a co nás čeká
Síť firem si účelově přeprodávala zařízení, podvod odhalila Daňová Kobra
Zacvičte si doma kruhový trénink. Stačí půl hodiny a zpevníte celé tělo
Složitá jednání o vysílání Ligy mistrů,  boj Slavie přinese O2 TV
Cesta z Ruska. Pohádky naznačují, jak vypadala migrace do Evropy
Čechům začalo chutnat pivo Ale i speciály. S kupony je koupíte se slevou
Další přímý postup. Fuksa si na MS zajistil finále i na pětistovce
Staněk atakoval svůj rekord, i když jen před závodem: Mám důvod si věřit
Jak to bylo s volanty aneb jak levá a pravá strana dokáže zamotat hlavu
Z brankářů děláme hráče kola, štve karvinského Wágnera
V Rakousku po deštích vznikla dvě nová jezera, bouřka zabila dva lidi
Jaden Smith: Nevidím rozdíl mezi pánským a dámským oblečením
I ve vztahu teenagerů se může objevit agrese. Kdy mají rodiče zpozornět?
Vieweghová: Domácí vzdělávání není pro každé dítě, dcerám pomohlo
Já a kartely? Kapitán mexických fotbalistů čelí americkým sankcím
Zavadil si v Opavě zvyká na větší zápřah, než měl v Brně
Boj těžkého autisty Tomáše. Matce došly síly a skončil v ústavu
O sesazení z trůnu. Jak Zuzana Hejnová běžela závod proti času na 84 dnů
Děti do dvou let před obrazovku nepatří, radí rodičům pediatři
Žena se nechtěla vzdát pohybu, v osmém měsíci cvičila pole dance
Za nepovolený protest zadržela ruská policie dvě členky Pussy Riot
Vše, co potřebujete vědět o bezplatném přechodu na Windows 10
Televize, chytré hodinky a mobily Samsung s OS Tizen jsou nebezpečné
Olomoucký šéf Tomajko: O kousíček jsme všechno posunuli výš
Sidibe: Když jsem měla anorexii, už jsem měla naplánované, jak se zabít
Babiše jmenuji premiérem, i když bude ve vazbě, prohlásil Zeman
Proč je žralok grónský čerstvý nechutný, a jak mu to pomáhá
Rusko dalo oficiální název své neviditelné stíhačce. Bude to Su-57
Koubek přestoupil ze Sparty do Rennes, podepsal smlouvu na čtyři roky
Baník zle doplácí na výpadky při bránění. Jen Slavia mu nedala gól
Není pravda, že modelky hladovějí, tvrdí Heidi Klumová
Od Antarktidy se odlomila obří kra, je větší než Moravskoslezský kraj
Vysoký úředník Finanční správy nesmí do kanceláře. Údajně donášel Přibilovi
Hvězda Panství Downton Brownová přiznala, že měla poruchu příjmu potravy
V noci se po balkoně plazil plačící kojenec, matka venku popíjela
Opilý řidič srazil na Smíchově cyklistu, v útěku mu zabránili svědci
Lékařka: U dětí se mohou potíže se štítnou žlázou projevit poruchou růstu
Urychlovač LHC našel novou částici: většinově půvabnou a předpovězenou
Královna sjezdovek. Na horách nezapomeňte vrstvit a hrát si s barvami
Čtenářský recept: Turecká Cilbir vejce
Kandidáti na sestup? To o nás říkají každý rok. Bohemians se pádu nebojí
Hasiči vyjeli k hořícímu domu, uvnitř našli mrtvolu a několik zbraní
Netušíte, jak nastavit wi-fi router? Tenhle TP-Link byste zvládli
Dýně vládne podzimnímu vaření: zkuste vynikající koláč i špagety s liškami
Kde je Jožo? Zraněný Urblík se zdržel a nestihl týmové focení
Naučte se snadný účes, díky kterému vám nebudou vlasy padat do obličeje
Řidič vjel na blikající přejezd, náraz vlaku dodávku odhodil do příkopu
Štokr poprvé v akci: volejbalisté Liberce pořádají turnaj
Padesátka nejnavštěvovanějších webů světa (40. - 31. příčka)
Pořádně se v porážce vykoupu, plánuje Dostál. Cítil se neporazitelně
Pád ruské rakety způsobila chybná konstrukce. Rusko se bojí o zakázky
Gólovou oslavu předvedl v klipu i naživo. Chci vyhrávat, řekl Necid
Piloti po havárii stávkovali, komunisté odpověděli: Letadla padají všude
Sucho letos zničilo plodiny za 7,5 miliardy, zemědělci žádají kompenzace
Můžu slíbit, že vakcíny nikdy neublíží? Ne, říká šéf jejich vývoje
Sloučení útvarů policie uškodilo některým kauzám, tvrdí nejvyšší žalobce
Futsalisté Plzně půjdou do sezony s vysokými ambicemi
Hubnout se dá i bez cizí pomoci a operace, říká bývalá boubelka
Ministr pro brexit Davis jednal se Zaorálkem. Řešili práva Čechů v Británii
Sarah Michelle Gellarová: Po narození dcery jsem měla poporodní deprese
Menopauza přispěla k mému rozvodu, myslí si tenistka Chris Evertová
Loni vyfasoval vysoký trest, teď sudí Jílek dostal šanci řídit derby
Syn kvůli penězům udeřil matku a vyhrožoval jí smrtí. Skončil ve vazbě
Na talířku: mandlové mléko
Trendy z týdnů módy: ošklivé boty, vesmír a móda bez rozdílu pohlaví
Zeman jednal s Van der Bellenem, řešili migraci i jadernou energetiku
V USA rostou útoky antifašistů. Sílí a jsou nebezpečnější, varuje FBI
Macron mírotvorce. Francouzský prezident chce ukončit boje na Ukrajině
Ani potopa je nevyhubí. Mravenci vytvoří vor a přežijí tak i dva týdny
Čím větší hvězda, tím větší pokora, zjistil šéf libereckého turnaje
Je tu zima, ale nejhorší je vlhkost, hlásí potápěči z podvodního „vězení“
Teď si tady žiju jako král, libuje si budějovický útočník Mashike Sukisa
Před 100 lety se poprvé udílely Pulitzerovy ceny
Megavysavače CO2 a stínítka. Vědci zkoušejí zastavit oteplování Země
Musím se víc rozjet, říká po ústeckém turnaji boxer Agateljan
Astronaut ukázal „cesťák“ z cesty na Měsíc. Proplaceno dostal 108 mil
Jak si kunovičtí muzejníci hráli s ocasem TU-154. Udrží ho jedna součástka
Když upadne na zem knížka, děti v Donbasu ztuhnou leknutím
Dřív by tento záběr stál statisíce korun. Okusili jsme budoucnost dronů
Zkoušení zlínští hokejisté mají první šanci se ukázat
Hormony řídí náš život. V mateřství nám pomáhají, pubertu komplikují
Proces ke Grenfell Tower povede nekompromisní soudce, vrátí se z důchodu
Software zdarma: Nahrajte si, co děláte na ploše PC
Složité zákony nahrávají lobbingu, vysvětluje ekonom nepozornosti
Aby to jen bolelo. Současnost a budoucnost nesmrtících zbraní
Nesmíte mě pokutovat, školí řidiči policii z nového zákona
Suverénní volejbalistky. Na Grand Prix v Peru si poradily i s domácími
Když hraju, jsem šťastná, ale to kolem nenávidím, říká Vica Kerekes
Kudějová a Rohan byli šestí v pohárovém finále vodních slalomářů v Seu
Severní Irové vyhráli v San Marinu a zvýšili náskok, dařilo se i Norsku
Své brutální bodyguardy k nám nevozte, vzkazují Němci Erdoganovi
Crosby o zraněních hlavy: První bylo nejhorší, teď už svému tělu rozumím
Vítkové patřil Letohrad. V letním biatlonu získala tři domácí tituly
Názor: Za udavačství smrt a veřejná poprava. Co přinesl Dekret číslo 16
Mluvím syrovou řečí, přiznává lovosický trenér Berka
Česká policie vstupuje na sociální sítě, dosud tu byla téměř neviditelná
Super-rychlý internet po běžném kabelovém rozvodu. První test DOCSIS 3.1
Před 100 lety prohráli Britové první bitvu o Ramádí
100 POHLEDŮ: Pozemské hemžení pod důstojnou masou zdiva v Žitavě
Mohli dinosauři založit civilizaci? A jak ji můžeme objevit?
Manžel ji opustil, i když zhubla. Teď chce kvůli depresím znovu přibrat
Na bod s Francií čekali 103 let. Napsali jsme dějiny, slaví Lucemburčané
Nové procesory Intel se mohou prohnout a poškodit kontakty
UPC vylepšilo aplikaci Horizon Go, nyní podporuje Chromecast a Apple TV
Chovanec chtěl omluvu od Pelikána za slova, že policie ovlivňuje volby
Příběh Ireny: Přítel dceru využívá, ale ona to nevidí
Zvedl bych ruku pro vydání Babiše, aby se obhájil, prohlásil Telička
Řidička nezvládla řízení. Na Lahovickém mostě přeskočila svodidla
V roli nasazených šestek. Sluková s Hermannovou míří na MS do Vídně
Chyťte si svoji vlnu. Pruhy a proužky nejen na vodu
Se Slováky to bude vyhecované. Jde o postup, ví volejbalista Holubec
Úředník, který za úplatek obnovil výstavbu stánku, dostal znovu trest
To už je velmi dobrá podoba. Keplerův teleskop našel „sestřenku“ Země
Za smrt dvou žen v sauně na Jičínsku padlo obvinění z nedbalosti
Poradna: Přítelkyně svému synovi ve všem ustoupí. Jak získá respekt?
Yunis: V Olomouci mi šanci nedali, v Polsku se chci ukázat
Vettel je ve Ferrari spokojený. Prodloužil smlouvu do roku 2020
Invalida vyšplhal po laně do chaty, kterou vykradl. Lup nacpal do spacáku
Boje v Donbasu se vyostřily, Kyjev hlásí osm padlých vojáků
Amazon prý chystá levný tablet za 50 dolarů
Zabíjel sarin? Experti poznají, zda to byla bomba, nebo smrtící mrak
Rozhněvaní černí vojáci zabili před 100 lety v Houstonu dvě desítky lidí
Zbavíme se konečně viru HIV? Vědci zjistili, kde se skrývá
KOMENTÁŘ: Katar má být ve sporu arabských států popraven
Soud o údajném znásilnění v nemocnici nerozhodl, výpovědi svědků se lišily
Porsche se zaklínilo pod kamion a řidič zemřel, policie hledá svědky
Zůstáváme, vzkázaly opory házenkářů Nového Veselí
Při kontrole řidiče začali z dodávky skákat dělníci. Jelo jich v ní třicet
Česko sledovalo malou nebeskou podívanou. Země ukousla kus Měsíce
Novinky v T-Mobile TV. Od září přibylo 12 nových kanálů
Farář z vypáleného kostela poslal obviněným dopis. Odpouštím vám, píše
VIDEO: Jarní trendy jednoduše. Overal, bomber a denim sluší každému
Ostravské Grand Prix se volejbalistkám nevydařilo, skončily čtvrté
V noci budou dobře vidět prstence Saturnu, je blíže Zemi
Apple nám chce kontrolovat spánek. Koupil kvůli tomu finskou firmu
Poslední rozloučení s Rudolfem Baťou, dorazili Křetínský či Bříza
Žena nastrkala salámy synovci do batohu, dostala rok a půl vězení
Rok 2017 je pro alergiky zatím nejhorší. Může za to stres i oteplování
Nejzdravější jídelníčky světa. Po boku Japonska najdete Dánsko i Francii
Rytířské gesto v egoistické F1. Srdce, či také Hamiltonův kalkul?
Křižující střela s jaderným pohonem by rozsévala smrt už cestou k cíli
VIDEO: Tátové, co se baletu a „holčičích“ her nebojí. Dcery je za to milují
Turecko zablokovalo celou Wikipedii kvůli „mezinárodní štvavé kampani“
Chelsea vs. Arsenal, here we go! Fotbalová sezona v Anglii se rozjíždí
Google připravuje zálohování vašeho celého počítače
Po vzoru přítelkyně Elhotové. Také Kyzlink chce prorazit v reprezentaci
Vztahy na Facebooku: nevěra, hádky i žárlivost
Karlovarský trenér Novák: Extraligovou výlohu nám rozbilo zranění
Celníkům se nezdál vůz jedoucí z pražské Sapy, našli v něm kila pervitinu
Tisíce let staré památky musí v Turecku ustoupit kontroverzní přehradě
Šampionát byl výbornou týmovou prací, těší mladíka Džavoronoka
Trumpův server komunikoval s ruskou bankou. Nic to však nedokazuje
Pojďme dopředu a z naší strategie neuhýbejme, nabádá Stramaccioni
Důvěřivec půjčil drahý mobil ve vlaku, zloděj mu s ním utekl z WC
Stále víc Japonců randí s ženami ze silikonu, po lidském doteku netouží
Sbohem, armádo. Reforma britských vojsk drhne, zájem rezervistů uvadá
Google prý nabídl peníze muži, co koupil jeho doménu. Dostane je charita
Spíš jsem jako morous, to už mi nikdo neodpáře, říká Igor Chmela
Nejčastější příčina neplodnosti tkví ve vejcovodech, tvrdí statistika
Do Brna se sjíždějí motocykloví fanoušci na Velkou cenu
Zoe Saldana: První týden v práci po mateřské jsem denně brečela
Proč se hraje v srpnu hokej? A proč nastoupilo tolik mladíků?
OBRAZEM: Lovci mamutů. Kly ukryté v permafrostu vyvolaly novou zlatou horečku
Desktopové programy budou konečně ve Windows Storu jako aplikace
Proč varujeme před přechodem na Windows 10? Ne proto, že by byly špatné
Trefil sudího a ztropil ostudu. Teď kanadský teenager skolil Nadala
Plíšková a velký svět peněz. Kdo jsou lidé kolem tenisové jedničky?
Roh a gól. Trenéry Hradce straší standardní situace soupeřů
Já a světová jednička? Teď si to nepřeju, prohlásila Plíšková
Za znásilňování nezletilých dívek dostal senior pět let, přiznal jeden čin
Jablonecký kapitán Hübschman: Chceme se držet za silnou trojkou
Poradna: Můj rozvedený partner svému synovi neumí říct ne
Od Plzně k Plzni. Jihlava už není střelecky sterilní
Kulhavý je pošesté mistrem republiky v cross country, raduje se i Nash
Signály, podle kterých poznáte, že muž je připraven na vážný vztah
Dorazí transferkarta do půlnoci? Snad to dobře dopadne, doufal Stoch
Pomozte sedmiletému Nikymu, aby si mohl hrát s ostatními dětmi
Hokejový talent Hronek pět kilo už přibral, bral by pět dalších
Junior Bárta dojel na ME cyklistů v silničním závodě na osmnáctém místě
V červenci a srpnu zahynulo na silnicích 102 lidí, nejméně od 90. let
Bez tuků v jídle vypadáme starší, tvrdí královská nutriční poradkyně
Zbytečná jatka v močálu. Evropa si připomněla bitvu u Passchendaele
Trump zrušil Obamovo nařízení, policie získá zbraně od armády
Miloše bych neodmítl, říká ke své kandidatuře František Ringo Čech
VIDEO: Tělový zábal slibuje zeštíhlení, očistu těla i relaxaci
Nejdřív poslední major sezony, pak Spilková zabojuje o kartu na LPGA
Auto značky Apple na obzoru. Už má webové domény
Řidička převrátila auto do potoka, vůz musela vytáhnout těžká technika
Hlavní favorit nejsme, ale stále máme nejvyšší cíle, shodují se na Spartě
Vrásky si ponechávám na ozdobu, říká devadesátiletá Zdenka Procházková
Nejtěžší soupeř v přípravě, řekl po prohře s AEK Atény kouč Baníku
Doufám, že jsem větší profík, říká Abraham
Liga národů: nová cesta na příští fotbalové Euro
Mexický kráter Chicxulub má „bratříčka“ na Ukrajině. Udeřili společně?
Nedostatek potravin hrozí už v roce 2027. Chybět budou biliony kalorií
Otava: Sparta je složitá. Teď jen nesmí zmatkovat
Před 100 lety zničila sopka středoamerickou metropoli San Salvador
Obličej na vás prozradí povahu i jací jste v lásce, tvrdí Američanka
Alicia Keys přestala jíst mléčné výrobky a konečně se zbavila akné
Děčínský Houška: Finále počtvrté? Nebude se od nás čekat, ale chceme ho
Roční holčička má tak velkou hlavu, že se ani neotočí. Léčba je drahá
Úprava lidského embrya povolena: Britští vědci dostali zelenou na 14 dní
Miliardář Dědek vzdal kandidaturu do Poslanecké sněmovny za STAN
Skokani vyběhli na harrachovský můstek, ale už v půlce měli dost
Zpočátku jsem měla z Mareše strach, říká tanečnice Štumpfová
Telenovela za miliardu. Jak složitě se rodil Schickův přestup
Žena trpí vzácnou poruchou, kvůli které neustále zapáchá po rybině
McGregore, nechceš cyklistický tým? Když Cannondale visí nad propastí
Třinečtí fotbalisté se nemusejí nijak zvlášť motivovat
Pokud si ve volbách pohoršíme, rezignuji, řekl šéf lidovců Bělobrádek
Push-upky nenosíme, jsou nepřirozené, tvrdí missky Švantnerová a Mališová
Před vězením se skrýval u rodičů, místo čtvrt roku může být za mřížemi čtyři
Budějovice jen remizovaly s Olympií a jsou druhé za Opavou
Božský slaný koláč, indické kuře i lívance. Bílý jogurt v hlavní roli
Do Španělska míří třikrát víc uprchlíků z Afriky než loni
Deset olejů pro krásu: arganový pleť omladí, konopný ji vyléčí
Otrkanější Satoranský: Obří platy hvězd jen odrážejí, jaká je NBA show
Workcampy jako prevence xenofobie. Cizinci u nás pečují o hrad i přírodu
Vyrazila hledat na Marsu stopy života, teď se napjatě čeká, až se ozve
Mosul je dobyt, hlásí Iráčané. Premiér přijel poblahopřát vojákům
Neziskovka, která zanedbala Firefox, propouští zaměstnance a omezí vývoj
Slzy štěstí pro tátu. Je dál se mnou, slaví Šafránková historické finále
Kopecký vyhrál úvodní erzetu Německé rallye
Přípravy: Sparta udolala Pardubice, Hradec porazil v prodloužení Koreu
Obr přistál v Praze. Antonov An-225 je připraven na středeční nakládku
Tři, dva, jedna a máte problém. Nebo také ne, pokud zálohujete správně
Pro Belfast byl příliš malý. Teď tam Best má letiště
Evropská komise rozšiřuje spor s Googlem, nelíbí se jí reklamní praktiky
Jednoruký roční chlapeček je módní ikonou. Butiky ho šatí zadarmo
Izrael vypne vysílání al-Džazíry, viní ji z podněcování k terorismu
Blümela hřeje stříbro z Memoriálu Ivana Hlinky: Největší úspěch kariéry
4000 satelitů má zajistit vysokorychlostní internet na Zemi i Marsu
Sláma, plst i omdlévající ženy. Jak se nosily a nosí klobouky
Největší dinosaurus všech dob možná vznikl díky přehození dvou čísel
Resuscitovaní pardubičtí hokejisté se hodlají prát o play-off
Muž na seznamce vyloudil fotky, pak ženu nutil k hrátkám před kamerou
Granáty z pozůstalosti vyklidily policejní služebnu v Kobylisích
Alkohol změnil padesátnici v bojovnici. Rozdávala rány i vulgární nadávky
Basketbalisté jedou do Lotyšska i s talentem sezony Puršlem
Applu se nedaří tajit novinky. Nová Apple TV bude umět 4K i HDR
VIDEO: Tramvajáci v Nantes čelí vedru v sukních, kraťasy mají zakázané
Zlínské posily pro Evropskou ligu: Hronek, Mehanovič a Vukadinovič
Zemřel Marvin Minsky, jeden z prvních výzkumníků umělé inteligence
Nejsme na úrovni, na jaké bychom měli být. Chce to čas, říká Janko
VIDEO: Na atrakci Ball of Fire se utrhla sedačka, lidé létali vzduchem
Vláda pošle rozvojovým zemím přes miliardu, představila nového tajemníka
Pirátská Windows 10 poznáte na první pohled. Zdarma pro piráty nebudou
Českobudějovický kapitán Benát chce svůj tým vidět v elitní pětce
Příběh Marty: Přítel je vdovec a neustále truchlí po své zemřelé ženě
Útok DROWN je závažný, může za něj i úmyslné oslabení, vysvětlují experti
Utlučeni obry. Basketbalisté prohráli v přípravném duelu v Gruzii
Šestý jaderný test KLDR je dosud největší. Jižní Korea žádá potrestání
V Thajsku zadrželi Čecha podezřelého z podvodů, hledal ho Interpol
Zemřel Jan Svoboda, jeden z mála skutečně světových českých vědců
Přes Brenner v podvozku vlaku. Migranti riskují smrtící cestu na sever
Americká armáda tlačí na vývoj nových typů vrtulníků. Peníze drží Trump
Tady přistaneme. Radar objevil na Marsu zásoby ledu těsně pod povrchem
Mamon mění jeho sport. Tenis se zbláznil, žasne Hřebec
V mé skříni nenajdete nic těhotenského, přiznala Jitka Boho
Soud poslal do vazby mladíky obviněné ze zapálení kostela v Třinci
Opilý řidič ujel při kontrole policii, jeho auto zastavily až zátarasy
Být tátou před sedmdesátkou je skvělé, užívám si to, říká Steve Martin
Danny s Altintopem? Nemachrují, zapadli rychle, líčí slávista Souček
Do aukce na Jarmarku přispěli fotbalista Vácha, Morávková i Thurmanová
Gutský kostel podpálil noc před narozeninami, použil čtyři lahve benzinu
Po sexu na jednu noc muž utíká, žena se chce tulit. A oba litují
Užitečné aplikace: vzdálený přístup k tabletu nebo odpočet dnů
Daňová Kobra ukončila případ s nanodisky, navrhla obžalovat osm lidí
Jak se udržujete fit? Ptali jsme se celebrit
Den s těžce postiženými dvojčaty. I vy jim můžete pomoct
Rafa vs. Roger. Proč na grandslamech letos nezvítězil nikdo jiný
Alternativy k hormonální antikoncepci. Tělísko, krémy i operace
Očkovat, nebo neočkovat svou dceru proti rakovině děložního čípku?
Mýty o vražedkyních: zabíjejí jen v obraně a bez plánu
Živoucí Ken musí přibrat 13 kilo. Z odsátého tuku mu pak zvětší pozadí
Laďce našli lymfom po porodu. Vyléčil ji lékař, který pečuje o Gotta
Hurikán Harvey - adept na nejdražší živel. Škody dosáhnou až 2,2 bilionu
Projděte se vnitřkem připravované soukromé vesmírné lodi
Čtvrtkař Maslák doběhl pátý na mítinku v Záhřebu
Zemřel astronaut Mitchell, šestý člověk na Měsíci a stoupenec UFO
Čech se přiznal, že za polárním kruhem ubodal svou přítelkyni z Británie
Běžně si infekce CMV ani nevšimneme, ale v těhotenství může uškodit
Auta pryč z Veveří, velí Brno. Ulici chce přeměnit v bulvár pro pěší
Sucho přerušilo vodní cestu na Orlík. Lodím sloužila jen 45 dní
Nejen fotografie, Facebook vás brzy rozpozná i na videu
Čína bude první, kdo vyzkouší revoluční metodu úpravy genů u lidí
VIDEO: Před 100 lety se narodil strůjce vítězství ve vietnamské válce
Typologie milenek: 8 verzí od ochotné oběti po závistivou fúrii
Jarní proměna: Rošťácký sestřih a výrazné líčení rockerce Lucii sluší
Odpalováním puků se do pohody nedostanu, říká tvořivý bek Štencel
První závěr summitu G20:  je třeba efektivněji bořit financování radikálů
Zastupuje zbrojaře, teď chce Hynek kandidovat na prezidenta
Zeman jmenoval ministrem školství Štecha. Ve funkci bude jen čtyři měsíce
Tenkrát šlo o vše. První den nejdůležitější bitvy Spojeného království
Co přinese zákaz kouření v restauracích: určitě zdravější obsluhu
Kolomý na Hedvábné stezce válí: Chce to vydržet a přežít do dun
Legendární Mazačka jezdí Prahou a vozí anděla. Sledujte v přímém přenosu
Abraham byl v kvalifikaci v Brně sedmnáctý, Kornfeil  čtyřiadvacátý
Mrkev, brambor a rovnou i maso. Jak začít s prvními příkrmy u dětí
1945: USA testovaly vražedný plyn na vlastních vojácích, odškodnění vázne
Muž hrozil hostům restaurace zbraní, zkrotl až před strážníkovou pistolí
Poznejte komunikační typy dětí, pomůžou vám k lepší domluvě doma
Dlužíme měsíc, hokej v Chomutově není ohrožený, tvrdí šéf Pirátů
Klára Melíšková: Občas vybuchnu jako papiňák
Miriam Chytilová: Jennifer jsem dabovala skoro ve všech jejích filmech
Odtajněné dokumenty NATO ukazují studenou válku v číslech
Proměny kostýmů na Halloween: od mrtvé vdovy po veselou společnici
Japonci kupují výrobce čipů ARM. Smutný den pro Británii, říká zakladatel
Nové HDMI přináší technologie, které většina televizí ani neumí
Britové podle Googlu teprve zjišťují, co se stane, když opustí EU
Kolomý ovládl čtvrtou etapu a v Rallye Hedvábné stezky zvýšil náskok
Apple uvedl bez humbuku nový tablet iPad. Vypadá jak z výprodeje
Patálie pokračují, nervozity přibývá. Kdo, kdy a jak zastaví pád Sparty?
Ve službách bahrajnského prince Násira. Cinkova stáj se řídí italsky
OBRAZEM: Melír, blond i ohnivá. Jak Jana Nečasová měnila barvu
Opalovací přípravky ve spreji vydrží, ale některé je třeba rozetřít
Když udeří mrtvice, jde o čas. Jak ji poznáte?
Musíme dřít po držkách a hrát za Pardubice jako jeden, říká Holaň
Williamsová: Svlékla jsem se do plavek, abych ženám dodala sebevědomí
Jihlavský Kopecký: Víme, co chceme hrát. Ale na změny bylo málo času
Dříve závislá dcera Bruce Willise přiznala poruchu příjmu potravy
Málo velikostí, obtížné kombinování. Co ženám vadí při nákupu plavek
Trump: Nejdřív se vrátíme na Měsíc a potom poletíme na Mars
Pěkné nohy na léto? Cesta k nim je jednodušší, než byste čekali
VIDEO: Stylistka radí, jak si vyrobit trendy krátký top s aplikací
Windows jsou poražena. Nadvládu přebírá Android
Nejlevnější prevence proti rýmě vám zabere alespoň šest hodin denně
Pardubice stojí o všechny hráče, které měly loni na hostování
Šafářová: Bára nosila svačinky. Strýcová: Omlouvám se za šikanu
Osmanská říše je pryč, vzkázal Izrael. Židé se v ní měli dobře, míní Turci
Neléčený vysoký tlak zvyšuje riziko infarktu i mrtvice, varuje kardiolog
Sotva plnoletý dostal za vraždu 12 let, krátce před tím vyšel z polepšovny
Od Kreuzigera po Königa. Osm Čechů se o víkendu představí ve World Tour
Podešva je zpět. Je to náš mozek, říká trenér vsetínských hokejistů
Spory bafuňářů ženou Panathinaikos, Real i CSKA do „evropské NBA“
Prezident Brazílie se vyhne soudu v korupční kauze, podrželi ho poslanci
Odložený kufr zavřel část pražského Hlavního nádraží, nebezpečný nebyl
Dokonale upravené obočí? Pomůže rozjasňovací tužka nebo růstové sérum
Jak si udržet letní opálení: zkuste domácí peeling i masku z avokáda
Má srdeční vadu, po druhé operaci si troufla i do Himálaje
Spekulace: Microsoft chce koupit výrobce procesorů AMD
ČSSR objektivem matematika. Neznámý fotograf Karel Bucháček
Mexická zeď bude ze solárních panelů. Můj nápad, pochlubil se Trump
Ústavní soud dal rodičovská práva gayům. Dítě jim odnosila náhradní matka
Už za pár dní hrozí průšvih těm, kdo se vykašlou na zveřejňování smluv
Při nárazu auta do stromu zemřel spolujezdec, dva lidé jsou zraněni
Představujeme alternativní Start nabídky pro Windows 10
Tresty za loupež století platí. Nejvyšší soud odmítl dovolání expolicistů
Upečte si v troubě anglický roastbeef či lososa v listovém těstě
Britka zhubla pro manžela. Kvůli jeho žárlivosti se s ním pak rozešla
Zajíc měl natržený břišní sval, přesto dal bleskový gól
Vánoce si přivolejte vůní, živou květinou i svíčkou, radí designérka
Syn Westwoodové chce spálit věci v hodnotě 190 milionů kvůli punku
Šéf zdražil lék 55krát a hádal se na internetu, že není hamižný padouch
VIDEO: V Třinci se jel čtvrtý závod domácího šampionátu v kartingu
Proměna na Ples v Opeře: Bibiana zazáří v sexy šatech a se zlatými víčky
OBRAZEM: Taťána Kuchařová Gregor před 10 lety vyhrála Miss World
Podívejte, jak se v Mladé Boleslavi snažili „sestřelit“ dobový letoun
Teorie relativity slaví 100 let. Vznikala v Praze a změnila fyziku
Konečně gólová slast. Pirát Szathmáry dobývá fotbalový prales
Nezaměstnaných je nejméně za 19 let, hlásí úřady. Česko vévodí celé EU
Kateřina Winterová: Těžký ekzém jsem vymazala sádlem s měsíčkem
Mladík jezdil pod vlivem drog. Během tří dnů ho policie chytla čtyřikrát
Nikole našli po porodu nádor na srdci, operace jí zachránila život
Potraviny, které fungují jako tukožrouti. Chilli i dýně pomohou zhubnout
Dejte Googlu český diktát. Rozpoznávání řeči zdarma a citace bez námahy
První bod pro fotbalový Varnsdorf. Na Žižkově chyběl jen gól
Blbůstky za babku. Mikroskop z čínského e-shopu je super, dron nevydržel
Peklo s youtubery aneb co se stalo u nás doma, když děti dostaly mobil
Superpotraviny v kuchyni chutnají a zocelí vás před chřipkovou sezonou
Talentovaný brankář Vaněček trénuje s Libercem a dál sní o NHL
Google ho platí za čmárání a pitvoření loga. Doodler si práci užívá
Silné bouřky lámaly stromy. U Prahy padaly kroupy jako padesátikoruny
Čeští volejbalisté hráli v další přípravě s Kanadou 1:1 na zápasy
Že už další titul nevyhraji? Spletl ses, řekl Dostál dojatému dědovi
Cyklista se zranil v Brdech a nevěděl, kde je. Pátrali po něm v rojnici
Německou rallye vyhrál Tänak, do čela světového šampionátu jde Ogier
Trojice kradla nepřipoutané motocykly, peníze skončily i v drogách
Pelikán chce změnit dosazování soudců. Ti tvrdí, že to omezí nezávislost
Drsný turkmenský despota ukazoval ministrům jak vrhat bodáky i střílet
Ženy v zajetí extrémů. Kvůli módě se trápily v korzetech i na platformách
Babiš láká voliče slibem pětistovky měsíčně navíc každému zaměstnanci
Ruská armáda civilní oběti neřeší. K čemu používá superzbraň Iskander
Náš počítač rozumí konverzaci lépe než lidé, předvedli vědci z Microsoftu
Facebook „znemožnil“ zneužívání dat ke šmírování. Prostě to zakázal
Kancelářská sponka v akci: umí udržet culík i schovat gumičku
Microsoft koupil deset milionů molekul syntetické DNA na ukládání dat
Lidé jej vraceli zlomený, nyní Microsoft s chytrým náramkem Band končí
OBRAZEM: Žlutá blond nemusí vypadat lacině, dokazují stylové hvězdy
Tragická nehoda autobusu v Rusku, zemřelo 14 lidí, 15 jich je zraněných
Otestovali jsme (ne)ovladatelné hračky. Minidron s kamerou už za 500 Kč
Proč letadlo malovalo letadlo? Piloti testovali nové motory Rolls-Royce
Britští vědci představili jednoduchý kapesní „měřák gravitace“
Před 100 lety si britští králové začali říkat Windsorové
Nechci to vidět! Po hrůze z Wimbledonu přišla pro Mattekovou naděje
Záchranná brzda pro PC aneb co pomůže získat zpět výkon
Google opravuje prohlížeč Chrome. Záplaty dostalo 41 nedostatků
Burnett pokračuje. S Pardubicemi se chce poprat o vyšší příčky
Kam se dalo za 180 minut dojet vlakem za císaře a kam za Husáka
Žijeme naruby: chceme sex, ale místo něj se věnujeme svým mobilům
STAN chce pro učitele plat od 37 tisíc či novou vysokou vojenskou školu
Apple chce použít drony, aby vylepšil mapy a dohnal Google
Stát nakoupí potraviny pro lidi v nouzi, nově jim rozdá i domácí potřeby
Češi jsou v žebříčku FIFA na 40. místě, do čela se vrátila Brazílie
Jsme stříbrní, utěšují se američtí fotbalisté z Ostrava Steelers
Závislost na plastikách mi zničila sexuální život, říká Pixee Foxová
Internet, jak jej známe, může skončit, varoval tvůrce webu
V případě řízení s firmou FAU mohla být porušena mlčenlivost, říká odborník
Pokrok v IT je obrovský, ale skrytý, řekl šéf Technet.cz v Rozstřelu
Cítím se jako junior, těší Federera. A vyhlíží další roky s tenisem
Google ukončí vývoj oblíbeného editoru Picasa, vaše fotky upraví on-line
Spotify hlásí 100 milionů uživatelů měsíčně. Ale prodělává
Software zdarma: Windows vždy ve skvělém stavu a data zálohována
Vyzkoušela jsem mraky diet, říká zpěvačka Ilona Csáková